guest	room	num_occ	time
Countess Emilia de Montfort	Trophy room	2	2022-12-31 12:00:30
Marchioness Isabella Beaumont	Sitting room	1	2022-12-31 12:00:40
Duchess Penelope Somerset	Study room	3	2022-12-31 12:01:17
Lady Guinevere Ashford	Music room	3	2022-12-31 12:02:40
Lady Isadora de Montfort	Sitting room	3	2022-12-31 12:03:58
Duchess Penelope Somerset	Billiard room	2	2022-12-31 12:04:12
Lady Arabella Waverly	Conservatory	2	2022-12-31 12:04:26
Lady Caroline Hastings	Conservatory	1	2022-12-31 12:06:48
Prince Leopold von Habsburg	Music room	3	2022-12-31 12:07:22
Princess Anastasia Romanov	Game room	1	2022-12-31 12:07:33
Baroness Amelia Harrington	Billiard room	2	2022-12-31 12:08:52
Marquess Lorenzo di Sant-Angelo	Sitting room	2	2022-12-31 12:09:54
Baroness Zara von Fersen	Sitting room	2	2022-12-31 12:10:11
Duchess Elizabeth Beauchamp	Drawing room	3	2022-12-31 12:11:18
Baroness Dorothea von Liechtenstein	Sitting room	1	2022-12-31 12:14:05
Sir Hector MacKenzie	Trophy room	1	2022-12-31 12:14:09
Countess Emilia de Montfort	Trophy room	1	2022-12-31 12:16:42
Sir Cedric Lancaster	Music room	3	2022-12-31 12:17:27
Viscountess Gabriella de la Rochefoucauld	Trophy room	1	2022-12-31 12:19:11
Sir Cedric Lancaster	Game room	3	2022-12-31 12:19:49
Baroness Dorothea von Liechtenstein	Sitting room	2	2022-12-31 12:20:16
Archduchess Maria Anna of Austria	Game room	3	2022-12-31 12:20:43
Baroness Isadora Huntington	Study room	2	2022-12-31 12:21:37
Marquess Lorenzo di Sant-Angelo	Billiard room	1	2022-12-31 12:21:40
Lady Guinevere Ashford	Music room	3	2022-12-31 12:23:45
Marquess Maximilian Blackwood	Conservatory	1	2022-12-31 12:24:40
Lady Octavia Fitzroy	Study room	3	2022-12-31 12:24:59
Lady Victoria Pembroke	Conservatory	3	2022-12-31 12:25:35
Prince Alexander von Battenberg	Music room	2	2022-12-31 12:26:34
Lady Caroline Hastings	Music room	3	2022-12-31 12:27:34
Princess Anastasia Romanov	Study room	3	2022-12-31 12:28:11
Duchess Elizabeth Beauchamp	Conservatory	2	2022-12-31 12:30:13
Marquess Lorenzo di Sant-Angelo	Music room	3	2022-12-31 12:31:41
Lady Victoria Pembroke	Trophy room	2	2022-12-31 12:32:20
Duke Ferdinand von Württemberg	Sitting room	3	2022-12-31 12:34:31
Baroness Zara von Fersen	Sitting room	2	2022-12-31 12:36:25
Lady Victoria Pembroke	Billiard room	1	2022-12-31 12:37:39
Archduke Felix von Habsburg-Lothringen	Drawing room	2	2022-12-31 12:39:38
Lady Isadora de Montfort	Trophy room	3	2022-12-31 12:40:21
Duchess Elizabeth Beauchamp	Drawing room	3	2022-12-31 12:42:39
Duke Alexander Wellington	Study room	2	2022-12-31 12:42:57
Viscountess Henrietta Ashby	Trophy room	1	2022-12-31 12:45:16
Countess Georgiana Cavendish	Game room	3	2022-12-31 12:45:25
Sir Cedric Lancaster	Trophy room	3	2022-12-31 12:45:28
Princess Anastasia Romanov	Sitting room	2	2022-12-31 12:45:44
Duchess Penelope Somerset	Study room	1	2022-12-31 12:47:29
Viscountess Gabriella de la Rochefoucauld	Sitting room	3	2022-12-31 12:47:40
Duke William Fitzroy	Trophy room	3	2022-12-31 12:49:12
Archduchess Maria Anna of Austria	Drawing room	3	2022-12-31 12:49:29
Lady Octavia Fitzroy	Music room	2	2022-12-31 12:49:42
Lady Arabella Waverly	Drawing room	3	2022-12-31 12:50:45
Archduchess Maria Anna of Austria	Trophy room	2	2022-12-31 12:51:28
Duchess Elizabeth Beauchamp	Sitting room	1	2022-12-31 12:51:31
Marchioness Eleonora di San Giuliano	Conservatory	1	2022-12-31 12:53:18
Duchess Penelope Somerset	Music room	3	2022-12-31 12:53:22
Duchess Anastasia Ivanova	Music room	1	2022-12-31 12:53:30
Duke Alexander Wellington	Billiard room	1	2022-12-31 12:54:57
Archduke Gabriel von Thurn und Taxis	Sitting room	2	2022-12-31 12:56:22
Baroness Dorothea von Liechtenstein	Drawing room	1	2022-12-31 12:57:04
Marquess Rupert de Vere	Drawing room	1	2022-12-31 12:57:49
Countess Rosalind von Hohenheim	Conservatory	2	2022-12-31 12:58:59
Lady Victoria Pembroke	Music room	1	2022-12-31 12:59:43
Duke Ferdinand von Württemberg	Conservatory	1	2022-12-31 13:00:53
Countess Adelaide Beaumont	Trophy room	2	2022-12-31 13:02:35
Prince Constantine of Greece and Denmark	Music room	1	2022-12-31 13:02:40
Duchess Isabella di Medici	Game room	3	2022-12-31 13:02:50
Prince Alexander von Battenberg	Music room	2	2022-12-31 13:03:09
Lady Adelaide Worthington	Trophy room	2	2022-12-31 13:05:34
Duke Alexander Wellington	Sitting room	3	2022-12-31 13:05:38
Sir Hector MacKenzie	Study room	2	2022-12-31 13:06:09
Viscountess Arabella Beaumont	Sitting room	2	2022-12-31 13:07:39
Baroness Isadora Huntington	Trophy room	2	2022-12-31 13:10:07
Baroness Isadora Huntington	Drawing room	2	2022-12-31 13:10:52
Lady Isadora de Montfort	Trophy room	1	2022-12-31 13:11:04
Duke Ferdinand von Württemberg	Study room	1	2022-12-31 13:14:26
Baroness Zara von Fersen	Conservatory	1	2022-12-31 13:16:07
Prince Constantine of Greece and Denmark	Billiard room	1	2022-12-31 13:17:08
Marquess Rupert de Vere	Conservatory	2	2022-12-31 13:17:21
Princess Anastasia Romanov	Music room	2	2022-12-31 13:17:39
Viscountess Henrietta Ashby	Study room	1	2022-12-31 13:17:49
Duke Ferdinand von Württemberg	Drawing room	1	2022-12-31 13:18:04
Archduke Gabriel von Thurn und Taxis	Drawing room	1	2022-12-31 13:18:16
Lady Octavia Fitzroy	Conservatory	1	2022-12-31 13:18:26
Lord Reginald Hawthorne	Music room	2	2022-12-31 13:20:20
Marchioness Gwendolyn Fitzroy	Trophy room	2	2022-12-31 13:20:57
Prince Maximilian of Baden	Drawing room	3	2022-12-31 13:21:09
Baron Rupert von der Leyen	Game room	2	2022-12-31 13:21:55
Prince Maximilian of Baden	Sitting room	1	2022-12-31 13:22:49
Countess Adelaide Beaumont	Sitting room	2	2022-12-31 13:23:56
Marquess Lorenzo di Sant-Angelo	Sitting room	1	2022-12-31 13:25:19
Lady Guinevere Ashford	Sitting room	3	2022-12-31 13:26:22
Lord Reginald Hawthorne	Sitting room	3	2022-12-31 13:27:59
Countess Georgiana Cavendish	Drawing room	2	2022-12-31 13:29:06
Sir Edmund Thistlethwaite	Music room	2	2022-12-31 13:29:08
Countess Rosalind von Hohenheim	Study room	2	2022-12-31 13:32:12
Lady Isadora de Montfort	Game room	2	2022-12-31 13:33:10
Princess Anastasia Romanov	Conservatory	3	2022-12-31 13:33:53
Prince Leopold von Habsburg	Billiard room	2	2022-12-31 13:34:11
Duke Alexander Wellington	Study room	1	2022-12-31 13:35:25
Viscountess Octavia St. Clair	Music room	3	2022-12-31 13:37:32
Baroness Amelia Harrington	Music room	1	2022-12-31 13:38:19
Duchess Elizabeth Beauchamp	Trophy room	3	2022-12-31 13:38:58
Baroness Zara von Fersen	Billiard room	3	2022-12-31 13:40:21
Baron Maximilian von Rothschild	Study room	3	2022-12-31 13:41:04
Sir Percival Montague	Billiard room	1	2022-12-31 13:41:25
Baroness Isadora Huntington	Conservatory	2	2022-12-31 13:41:31
Countess Emilia de Montfort	Study room	2	2022-12-31 13:42:25
Lady Octavia Fitzroy	Conservatory	2	2022-12-31 13:42:33
Duke Ferdinand von Württemberg	Music room	2	2022-12-31 13:44:00
Marquess Lorenzo di Sant-Angelo	Music room	3	2022-12-31 13:44:21
Duchess Penelope Somerset	Music room	2	2022-12-31 13:45:01
Lady Octavia Fitzroy	Billiard room	2	2022-12-31 13:46:57
Duchess Anastasia Ivanova	Sitting room	3	2022-12-31 13:47:24
Baroness Amelia Harrington	Game room	2	2022-12-31 13:48:46
Viscountess Henrietta Ashby	Game room	1	2022-12-31 13:49:08
Sir Hector MacKenzie	Game room	3	2022-12-31 13:51:05
Countess Emilia de Montfort	Drawing room	3	2022-12-31 13:51:09
Lord Reginald Hawthorne	Sitting room	1	2022-12-31 13:51:53
Princess Charlotte of Saxe-Meiningen	Billiard room	2	2022-12-31 13:52:00
Countess Adelaide Beaumont	Game room	2	2022-12-31 13:52:06
Countess Georgiana Cavendish	Game room	1	2022-12-31 13:52:24
Marquess Maximilian Blackwood	Trophy room	2	2022-12-31 13:53:51
Marquess Maximilian Blackwood	Drawing room	3	2022-12-31 13:55:52
Prince Maximilian of Baden	Sitting room	2	2022-12-31 13:56:31
Archduke Gabriel von Thurn und Taxis	Drawing room	3	2022-12-31 13:56:49
Prince Alexander von Battenberg	Drawing room	1	2022-12-31 13:57:31
Countess Adelaide Beaumont	Sitting room	2	2022-12-31 13:58:35
Archduke Felix von Habsburg-Lothringen	Drawing room	2	2022-12-31 13:59:59
Duke Alexander Wellington	Conservatory	3	2022-12-31 14:00:01
Sir Cedric Lancaster	Drawing room	2	2022-12-31 14:03:23
Duchess Isabella di Medici	Trophy room	2	2022-12-31 14:04:33
Viscountess Octavia St. Clair	Trophy room	3	2022-12-31 14:04:49
Prince Leopold von Habsburg	Study room	3	2022-12-31 14:05:02
Archduke Gabriel von Thurn und Taxis	Study room	1	2022-12-31 14:06:10
Prince Leopold von Habsburg	Study room	2	2022-12-31 14:06:43
Duchess Elizabeth Beauchamp	Trophy room	2	2022-12-31 14:07:11
Prince Leopold von Habsburg	Billiard room	2	2022-12-31 14:07:20
Viscountess Gabriella de la Rochefoucauld	Trophy room	3	2022-12-31 14:08:11
Marchioness Gwendolyn Fitzroy	Study room	2	2022-12-31 14:08:57
Lady Isadora de Montfort	Billiard room	3	2022-12-31 14:09:31
Lady Victoria Pembroke	Billiard room	2	2022-12-31 14:09:47
Baroness Amelia Harrington	Game room	1	2022-12-31 14:09:51
Countess Emilia de Montfort	Game room	1	2022-12-31 14:10:58
Marquess Maximilian Blackwood	Study room	3	2022-12-31 14:11:39
Baroness Isadora Huntington	Sitting room	1	2022-12-31 14:13:45
Sir Hector MacKenzie	Conservatory	1	2022-12-31 14:14:43
Countess Emilia de Montfort	Sitting room	2	2022-12-31 14:16:10
Countess Adelaide Beaumont	Music room	3	2022-12-31 14:17:44
Marchioness Gwendolyn Fitzroy	Game room	1	2022-12-31 14:17:55
Archduchess Maria Theresa of Austria	Trophy room	1	2022-12-31 14:18:18
Duchess Isabella di Medici	Billiard room	2	2022-12-31 14:19:46
Marchioness Eleonora di San Giuliano	Trophy room	1	2022-12-31 14:20:26
Countess Adelaide Beaumont	Conservatory	2	2022-12-31 14:20:42
Lord Reginald Hawthorne	Billiard room	3	2022-12-31 14:21:09
Baroness Zara von Fersen	Drawing room	3	2022-12-31 14:25:47
Sir Percival Montague	Study room	3	2022-12-31 14:26:44
Archduke Gabriel von Thurn und Taxis	Music room	3	2022-12-31 14:27:27
Baroness Dorothea von Liechtenstein	Trophy room	2	2022-12-31 14:28:01
Marchioness Felicity Somerset	Conservatory	1	2022-12-31 14:28:04
Viscountess Gabriella de la Rochefoucauld	Study room	2	2022-12-31 14:28:13
Sir Cedric Lancaster	Study room	2	2022-12-31 14:28:53
Lady Adelaide Worthington	Game room	2	2022-12-31 14:29:27
Viscountess Arabella Beaumont	Billiard room	1	2022-12-31 14:29:54
Marquess Lorenzo di Sant-Angelo	Study room	3	2022-12-31 14:30:01
Sir Edmund Thistlethwaite	Trophy room	1	2022-12-31 14:30:20
Prince Alexander von Battenberg	Game room	2	2022-12-31 14:31:10
Marchioness Eleonora di San Giuliano	Billiard room	2	2022-12-31 14:31:18
Countess Adelaide Beaumont	Sitting room	1	2022-12-31 14:31:53
Prince Alexander von Battenberg	Trophy room	3	2022-12-31 14:33:15
Sir Edmund Thistlethwaite	Drawing room	3	2022-12-31 14:33:40
Prince Constantine of Greece and Denmark	Drawing room	2	2022-12-31 14:34:13
Marchioness Eleonora di San Giuliano	Study room	1	2022-12-31 14:35:19
Duke Ferdinand von Württemberg	Study room	2	2022-12-31 14:35:41
Sir Hector MacKenzie	Game room	3	2022-12-31 14:37:21
Marquess Rupert de Vere	Game room	2	2022-12-31 14:37:59
Sir Edmund Thistlethwaite	Trophy room	1	2022-12-31 14:38:48
Prince Alexander von Battenberg	Conservatory	3	2022-12-31 14:38:51
Countess Adelaide Beaumont	Study room	1	2022-12-31 14:38:52
Duchess Penelope Somerset	Sitting room	2	2022-12-31 14:40:13
Duke Ferdinand von Württemberg	Sitting room	3	2022-12-31 14:40:28
Countess Georgiana Cavendish	Game room	2	2022-12-31 14:41:11
Duke Alexander Wellington	Drawing room	3	2022-12-31 14:41:21
Sir Edmund Thistlethwaite	Billiard room	1	2022-12-31 14:43:26
Marquess Rupert de Vere	Game room	1	2022-12-31 14:44:32
Baron Maximilian von Rothschild	Music room	3	2022-12-31 14:44:38
Baroness Isadora Huntington	Conservatory	2	2022-12-31 14:45:07
Lady Arabella Waverly	Trophy room	2	2022-12-31 14:45:30
Archduchess Maria Theresa of Austria	Music room	3	2022-12-31 14:46:32
Archduke Felix von Habsburg-Lothringen	Billiard room	1	2022-12-31 14:47:18
Baroness Isadora Huntington	Game room	2	2022-12-31 14:48:20
Prince Maximilian of Baden	Music room	3	2022-12-31 14:49:10
Countess Rosalind von Hohenheim	Sitting room	1	2022-12-31 14:49:44
Countess Georgiana Cavendish	Conservatory	3	2022-12-31 14:49:52
Duchess Anastasia Ivanova	Game room	2	2022-12-31 14:51:23
Archduke Felix von Habsburg-Lothringen	Sitting room	3	2022-12-31 14:52:11
Marchioness Isabella Beaumont	Trophy room	2	2022-12-31 14:52:59
Duke Ferdinand von Württemberg	Sitting room	2	2022-12-31 14:53:18
Countess Georgiana Cavendish	Trophy room	2	2022-12-31 14:54:03
Prince Maximilian of Baden	Trophy room	1	2022-12-31 14:54:45
Sir Percival Montague	Study room	3	2022-12-31 14:56:06
Viscountess Octavia St. Clair	Game room	3	2022-12-31 14:57:20
Prince Maximilian of Baden	Sitting room	3	2022-12-31 14:58:13
Prince Constantine of Greece and Denmark	Conservatory	3	2022-12-31 14:58:31
Lady Arabella Waverly	Music room	2	2022-12-31 14:58:45
Princess Anastasia Romanov	Billiard room	1	2022-12-31 15:01:30
Lady Guinevere Ashford	Conservatory	2	2022-12-31 15:03:21
Prince Maximilian of Baden	Drawing room	1	2022-12-31 15:04:17
Lady Victoria Pembroke	Billiard room	2	2022-12-31 15:04:21
Marchioness Gwendolyn Fitzroy	Study room	2	2022-12-31 15:05:26
Viscountess Arabella Beaumont	Music room	1	2022-12-31 15:05:28
Marquess Maximilian Blackwood	Billiard room	3	2022-12-31 15:05:41
Viscountess Henrietta Ashby	Trophy room	3	2022-12-31 15:05:56
Sir Edmund Thistlethwaite	Billiard room	2	2022-12-31 15:06:00
Lady Arabella Waverly	Conservatory	1	2022-12-31 15:06:53
Duke William Fitzroy	Study room	3	2022-12-31 15:07:23
Lady Victoria Pembroke	Music room	1	2022-12-31 15:07:54
Sir Percival Montague	Trophy room	1	2022-12-31 15:09:03
Lady Octavia Fitzroy	Music room	1	2022-12-31 15:12:15
Lady Adelaide Worthington	Game room	1	2022-12-31 15:18:32
Lady Victoria Pembroke	Sitting room	3	2022-12-31 15:18:33
Lady Arabella Waverly	Sitting room	2	2022-12-31 15:19:57
Baroness Dorothea von Liechtenstein	Trophy room	3	2022-12-31 15:20:07
Viscountess Octavia St. Clair	Conservatory	3	2022-12-31 15:20:44
Archduke Gabriel von Thurn und Taxis	Drawing room	3	2022-12-31 15:22:42
Lady Isadora de Montfort	Drawing room	2	2022-12-31 15:26:37
Lady Adelaide Worthington	Drawing room	2	2022-12-31 15:27:23
Lady Guinevere Ashford	Game room	3	2022-12-31 15:28:13
Baroness Amelia Harrington	Game room	3	2022-12-31 15:28:14
Duke Alexander Wellington	Conservatory	2	2022-12-31 15:28:50
Archduchess Maria Anna of Austria	Trophy room	2	2022-12-31 15:30:47
Prince Maximilian of Baden	Drawing room	2	2022-12-31 15:33:33
Viscountess Arabella Beaumont	Trophy room	2	2022-12-31 15:35:54
Viscountess Gabriella de la Rochefoucauld	Study room	2	2022-12-31 15:37:10
Duchess Penelope Somerset	Drawing room	3	2022-12-31 15:38:09
Duchess Elizabeth Beauchamp	Game room	1	2022-12-31 15:38:21
Archduke Gabriel von Thurn und Taxis	Study room	1	2022-12-31 15:39:41
Marchioness Felicity Somerset	Music room	2	2022-12-31 15:40:02
Countess Adelaide Beaumont	Game room	2	2022-12-31 15:40:25
Sir Hector MacKenzie	Conservatory	3	2022-12-31 15:41:20
Lord Reginald Hawthorne	Music room	2	2022-12-31 15:43:03
Lady Arabella Waverly	Billiard room	3	2022-12-31 15:43:57
Duchess Isabella di Medici	Conservatory	3	2022-12-31 15:45:35
Lord Reginald Hawthorne	Conservatory	2	2022-12-31 15:46:47
Princess Anastasia Romanov	Study room	3	2022-12-31 15:47:19
Baron Maximilian von Rothschild	Game room	1	2022-12-31 15:47:21
Prince Maximilian of Baden	Sitting room	1	2022-12-31 15:52:22
Viscountess Gabriella de la Rochefoucauld	Sitting room	1	2022-12-31 15:52:23
Sir Cedric Lancaster	Music room	2	2022-12-31 15:53:33
Archduchess Maria Theresa of Austria	Trophy room	3	2022-12-31 15:53:43
Countess Adelaide Beaumont	Billiard room	1	2022-12-31 15:53:59
Princess Charlotte of Saxe-Meiningen	Trophy room	1	2022-12-31 15:54:14
Baroness Amelia Harrington	Sitting room	2	2022-12-31 15:54:24
Baroness Dorothea von Liechtenstein	Drawing room	2	2022-12-31 15:54:33
Lady Caroline Hastings	Game room	2	2022-12-31 15:54:37
Prince Constantine of Greece and Denmark	Trophy room	1	2022-12-31 15:55:25
Countess Georgiana Cavendish	Music room	1	2022-12-31 15:56:58
Baron Maximilian von Rothschild	Study room	2	2022-12-31 15:57:20
Marquess Rupert de Vere	Game room	2	2022-12-31 15:57:34
Marquess Rupert de Vere	Billiard room	3	2022-12-31 15:57:43
Marchioness Gwendolyn Fitzroy	Sitting room	1	2022-12-31 15:58:47
Countess Adelaide Beaumont	Game room	1	2022-12-31 15:59:31
Lady Victoria Pembroke	Billiard room	3	2022-12-31 16:00:42
Duchess Anastasia Ivanova	Game room	2	2022-12-31 16:01:40
Viscountess Octavia St. Clair	Study room	3	2022-12-31 16:02:59
Prince Leopold von Habsburg	Music room	2	2022-12-31 16:03:04
Archduke Felix von Habsburg-Lothringen	Music room	3	2022-12-31 16:03:53
Viscountess Arabella Beaumont	Music room	3	2022-12-31 16:03:57
Countess Emilia de Montfort	Conservatory	2	2022-12-31 16:07:35
Archduke Gabriel von Thurn und Taxis	Billiard room	2	2022-12-31 16:08:30
Marquess Maximilian Blackwood	Billiard room	2	2022-12-31 16:09:39
Countess Emilia de Montfort	Billiard room	3	2022-12-31 16:09:43
Viscountess Henrietta Ashby	Study room	1	2022-12-31 16:10:09
Prince Constantine of Greece and Denmark	Drawing room	3	2022-12-31 16:11:40
Duchess Anastasia Ivanova	Trophy room	1	2022-12-31 16:13:36
Viscountess Arabella Beaumont	Study room	3	2022-12-31 16:14:05
Duchess Anastasia Ivanova	Billiard room	2	2022-12-31 16:15:08
Baron Maximilian von Rothschild	Study room	2	2022-12-31 16:15:14
Viscountess Henrietta Ashby	Study room	1	2022-12-31 16:15:32
Sir Percival Montague	Music room	1	2022-12-31 16:16:12
Baron Maximilian von Rothschild	Sitting room	3	2022-12-31 16:16:46
Duchess Elizabeth Beauchamp	Music room	1	2022-12-31 16:17:49
Viscountess Henrietta Ashby	Game room	2	2022-12-31 16:18:13
Prince Maximilian of Baden	Music room	2	2022-12-31 16:18:45
Countess Adelaide Beaumont	Trophy room	2	2022-12-31 16:19:46
Archduchess Maria Anna of Austria	Music room	2	2022-12-31 16:20:49
Lady Arabella Waverly	Music room	2	2022-12-31 16:21:51
Princess Anastasia Romanov	Music room	1	2022-12-31 16:22:54
Lady Guinevere Ashford	Music room	3	2022-12-31 16:23:06
Archduchess Maria Anna of Austria	Billiard room	2	2022-12-31 16:23:51
Viscountess Henrietta Ashby	Game room	2	2022-12-31 16:25:22
Sir Edmund Thistlethwaite	Conservatory	2	2022-12-31 16:25:46
Marquess Lorenzo di Sant-Angelo	Drawing room	2	2022-12-31 16:26:09
Duke Ferdinand von Württemberg	Sitting room	1	2022-12-31 16:29:21
Archduchess Maria Theresa of Austria	Drawing room	3	2022-12-31 16:30:50
Prince Alexander von Battenberg	Drawing room	3	2022-12-31 16:33:12
Marquess Lorenzo di Sant-Angelo	Conservatory	3	2022-12-31 16:33:20
Viscountess Arabella Beaumont	Conservatory	3	2022-12-31 16:34:07
Lady Victoria Pembroke	Drawing room	3	2022-12-31 16:37:47
Archduke Gabriel von Thurn und Taxis	Study room	2	2022-12-31 16:39:30
Marchioness Isabella Beaumont	Conservatory	2	2022-12-31 16:39:59
Lady Octavia Fitzroy	Music room	2	2022-12-31 16:40:10
Prince Constantine of Greece and Denmark	Sitting room	2	2022-12-31 16:40:25
Baron Rupert von der Leyen	Sitting room	2	2022-12-31 16:40:56
Marchioness Gwendolyn Fitzroy	Sitting room	1	2022-12-31 16:41:43
Archduke Felix von Habsburg-Lothringen	Music room	1	2022-12-31 16:43:46
Lady Isadora de Montfort	Drawing room	2	2022-12-31 16:43:49
Baron Rupert von der Leyen	Trophy room	1	2022-12-31 16:45:38
Archduchess Maria Anna of Austria	Trophy room	2	2022-12-31 16:46:13
Archduchess Maria Anna of Austria	Sitting room	2	2022-12-31 16:46:14
Prince Alexander von Battenberg	Trophy room	2	2022-12-31 16:46:56
Duchess Penelope Somerset	Trophy room	1	2022-12-31 16:47:15
Sir Hector MacKenzie	Conservatory	1	2022-12-31 16:48:55
Marchioness Isabella Beaumont	Sitting room	2	2022-12-31 16:50:18
Countess Georgiana Cavendish	Drawing room	2	2022-12-31 16:50:57
Countess Georgiana Cavendish	Sitting room	1	2022-12-31 16:52:11
Baron Rupert von der Leyen	Music room	1	2022-12-31 16:52:26
Prince Leopold von Habsburg	Billiard room	1	2022-12-31 16:52:28
Archduchess Maria Theresa of Austria	Study room	2	2022-12-31 16:53:07
Sir Hector MacKenzie	Drawing room	2	2022-12-31 16:53:38
Countess Adelaide Beaumont	Billiard room	2	2022-12-31 16:55:30
Marchioness Gwendolyn Fitzroy	Drawing room	1	2022-12-31 16:55:39
Baroness Isadora Huntington	Trophy room	1	2022-12-31 16:56:05
Duke Alexander Wellington	Sitting room	3	2022-12-31 16:56:20
Prince Leopold von Habsburg	Sitting room	3	2022-12-31 16:56:30
Baroness Dorothea von Liechtenstein	Sitting room	3	2022-12-31 16:58:08
Sir Cedric Lancaster	Billiard room	2	2022-12-31 16:58:33
Archduke Felix von Habsburg-Lothringen	Music room	3	2022-12-31 16:59:00
Duchess Anastasia Ivanova	Drawing room	1	2022-12-31 16:59:59
Prince Leopold von Habsburg	Music room	3	2022-12-31 17:01:33
Duke William Fitzroy	Drawing room	3	2022-12-31 17:03:00
Baron Maximilian von Rothschild	Billiard room	1	2022-12-31 17:04:21
Prince Alexander von Battenberg	Billiard room	3	2022-12-31 17:04:47
Lady Adelaide Worthington	Trophy room	2	2022-12-31 17:05:07
Duke William Fitzroy	Music room	1	2022-12-31 17:05:28
Marquess Maximilian Blackwood	Drawing room	2	2022-12-31 17:05:37
Baroness Dorothea von Liechtenstein	Sitting room	2	2022-12-31 17:05:38
Prince Leopold von Habsburg	Conservatory	3	2022-12-31 17:05:46
Baron Rupert von der Leyen	Conservatory	1	2022-12-31 17:06:24
Baron Rupert von der Leyen	Conservatory	3	2022-12-31 17:09:11
Baron Maximilian von Rothschild	Conservatory	2	2022-12-31 17:09:54
Sir Cedric Lancaster	Billiard room	3	2022-12-31 17:10:04
Archduke Gabriel von Thurn und Taxis	Sitting room	3	2022-12-31 17:10:35
Countess Emilia de Montfort	Study room	3	2022-12-31 17:11:03
Archduke Felix von Habsburg-Lothringen	Sitting room	1	2022-12-31 17:11:17
Baron Maximilian von Rothschild	Billiard room	3	2022-12-31 17:11:19
Baron Maximilian von Rothschild	Study room	3	2022-12-31 17:11:47
Countess Emilia de Montfort	Drawing room	3	2022-12-31 17:12:17
Marchioness Felicity Somerset	Sitting room	3	2022-12-31 17:12:30
Princess Charlotte of Saxe-Meiningen	Sitting room	2	2022-12-31 17:18:36
Prince Constantine of Greece and Denmark	Trophy room	2	2022-12-31 17:19:01
Duchess Anastasia Ivanova	Billiard room	2	2022-12-31 17:19:34
Duchess Penelope Somerset	Game room	3	2022-12-31 17:20:00
Lady Adelaide Worthington	Game room	3	2022-12-31 17:21:32
Viscountess Gabriella de la Rochefoucauld	Music room	3	2022-12-31 17:21:33
Prince Maximilian of Baden	Music room	1	2022-12-31 17:23:03
Princess Charlotte of Saxe-Meiningen	Drawing room	2	2022-12-31 17:24:33
Lady Adelaide Worthington	Study room	2	2022-12-31 17:25:14
Lady Caroline Hastings	Study room	2	2022-12-31 17:25:19
Lady Guinevere Ashford	Drawing room	1	2022-12-31 17:27:07
Princess Charlotte of Saxe-Meiningen	Conservatory	3	2022-12-31 17:27:08
Viscountess Henrietta Ashby	Conservatory	3	2022-12-31 17:28:22
Sir Percival Montague	Drawing room	1	2022-12-31 17:28:50
Lady Adelaide Worthington	Billiard room	1	2022-12-31 17:30:48
Viscountess Octavia St. Clair	Trophy room	2	2022-12-31 17:32:20
Baron Rupert von der Leyen	Sitting room	1	2022-12-31 17:32:23
Archduchess Maria Theresa of Austria	Conservatory	2	2022-12-31 17:32:46
Sir Hector MacKenzie	Sitting room	2	2022-12-31 17:33:29
Marquess Lorenzo di Sant-Angelo	Billiard room	1	2022-12-31 17:36:10
Marquess Rupert de Vere	Billiard room	3	2022-12-31 17:36:38
Lord Reginald Hawthorne	Sitting room	1	2022-12-31 17:36:49
Duchess Isabella di Medici	Sitting room	1	2022-12-31 17:37:04
Marchioness Gwendolyn Fitzroy	Trophy room	1	2022-12-31 17:37:26
Lady Adelaide Worthington	Game room	2	2022-12-31 17:38:35
Princess Anastasia Romanov	Sitting room	2	2022-12-31 17:38:56
Baroness Amelia Harrington	Drawing room	1	2022-12-31 17:39:24
Marquess Lorenzo di Sant-Angelo	Billiard room	2	2022-12-31 17:41:04
Marchioness Felicity Somerset	Sitting room	2	2022-12-31 17:42:18
Marquess Maximilian Blackwood	Trophy room	3	2022-12-31 17:43:38
Marquess Rupert de Vere	Trophy room	2	2022-12-31 17:43:58
Prince Alexander von Battenberg	Drawing room	3	2022-12-31 17:44:02
Archduke Felix von Habsburg-Lothringen	Music room	3	2022-12-31 17:45:07
Prince Constantine of Greece and Denmark	Trophy room	1	2022-12-31 17:45:12
Sir Cedric Lancaster	Trophy room	3	2022-12-31 17:45:24
Marchioness Eleonora di San Giuliano	Music room	3	2022-12-31 17:46:00
Prince Leopold von Habsburg	Billiard room	2	2022-12-31 17:47:02
Lady Octavia Fitzroy	Drawing room	2	2022-12-31 17:47:12
Countess Rosalind von Hohenheim	Music room	1	2022-12-31 17:47:27
Marchioness Eleonora di San Giuliano	Sitting room	2	2022-12-31 17:47:41
Lady Victoria Pembroke	Billiard room	1	2022-12-31 17:48:10
Viscountess Henrietta Ashby	Trophy room	1	2022-12-31 17:49:12
Marchioness Felicity Somerset	Conservatory	3	2022-12-31 17:52:19
Sir Percival Montague	Sitting room	1	2022-12-31 17:53:48
Lady Adelaide Worthington	Game room	3	2022-12-31 17:54:09
Marquess Rupert de Vere	Trophy room	1	2022-12-31 17:54:29
Lady Caroline Hastings	Sitting room	3	2022-12-31 17:55:54
Sir Edmund Thistlethwaite	Study room	1	2022-12-31 17:57:28
Viscountess Arabella Beaumont	Trophy room	3	2022-12-31 17:58:04
Lady Victoria Pembroke	Billiard room	1	2022-12-31 17:59:26
Lord Reginald Hawthorne	Billiard room	2	2022-12-31 18:01:21
Sir Cedric Lancaster	Drawing room	1	2022-12-31 18:03:14
Marquess Maximilian Blackwood	Music room	2	2022-12-31 18:04:29
Viscountess Octavia St. Clair	Conservatory	2	2022-12-31 18:05:27
Sir Edmund Thistlethwaite	Sitting room	2	2022-12-31 18:06:27
Viscountess Arabella Beaumont	Game room	1	2022-12-31 18:06:43
Sir Hector MacKenzie	Billiard room	1	2022-12-31 18:08:12
Viscountess Arabella Beaumont	Game room	2	2022-12-31 18:08:37
Marchioness Eleonora di San Giuliano	Billiard room	2	2022-12-31 18:09:09
Baron Rupert von der Leyen	Music room	1	2022-12-31 18:10:14
Viscountess Arabella Beaumont	Drawing room	2	2022-12-31 18:10:59
Viscountess Arabella Beaumont	Conservatory	3	2022-12-31 18:15:06
Marchioness Gwendolyn Fitzroy	Billiard room	2	2022-12-31 18:15:51
Duke Ferdinand von Württemberg	Trophy room	3	2022-12-31 18:16:37
Lady Isadora de Montfort	Music room	3	2022-12-31 18:17:47
Prince Leopold von Habsburg	Music room	2	2022-12-31 18:18:35
Baron Maximilian von Rothschild	Sitting room	2	2022-12-31 18:19:44
Viscountess Gabriella de la Rochefoucauld	Sitting room	2	2022-12-31 18:19:56
Marquess Rupert de Vere	Billiard room	2	2022-12-31 18:20:02
Prince Leopold von Habsburg	Sitting room	1	2022-12-31 18:21:53
Countess Georgiana Cavendish	Study room	3	2022-12-31 18:22:13
Viscountess Arabella Beaumont	Music room	2	2022-12-31 18:22:18
Baroness Dorothea von Liechtenstein	Billiard room	2	2022-12-31 18:23:09
Archduke Gabriel von Thurn und Taxis	Conservatory	1	2022-12-31 18:23:52
Duke Ferdinand von Württemberg	Music room	3	2022-12-31 18:24:13
Duchess Anastasia Ivanova	Music room	1	2022-12-31 18:26:42
Marchioness Eleonora di San Giuliano	Drawing room	2	2022-12-31 18:30:23
Duchess Penelope Somerset	Trophy room	1	2022-12-31 18:31:23
Countess Emilia de Montfort	Study room	2	2022-12-31 18:32:19
Lady Arabella Waverly	Billiard room	2	2022-12-31 18:32:21
Baroness Dorothea von Liechtenstein	Music room	1	2022-12-31 18:32:50
Princess Anastasia Romanov	Study room	1	2022-12-31 18:33:13
Lady Caroline Hastings	Sitting room	2	2022-12-31 18:33:33
Marquess Maximilian Blackwood	Game room	2	2022-12-31 18:33:50
Princess Anastasia Romanov	Music room	1	2022-12-31 18:34:41
Viscountess Arabella Beaumont	Game room	1	2022-12-31 18:35:06
Baroness Isadora Huntington	Music room	1	2022-12-31 18:35:45
Lady Adelaide Worthington	Sitting room	3	2022-12-31 18:37:19
Princess Anastasia Romanov	Conservatory	1	2022-12-31 18:38:21
Archduke Felix von Habsburg-Lothringen	Trophy room	2	2022-12-31 18:39:02
Baron Maximilian von Rothschild	Conservatory	3	2022-12-31 18:39:29
Sir Cedric Lancaster	Trophy room	2	2022-12-31 18:39:49
Baroness Dorothea von Liechtenstein	Sitting room	1	2022-12-31 18:41:44
Princess Anastasia Romanov	Study room	2	2022-12-31 18:41:55
Baroness Amelia Harrington	Music room	2	2022-12-31 18:42:01
Baron Maximilian von Rothschild	Study room	2	2022-12-31 18:42:31
Lady Caroline Hastings	Study room	3	2022-12-31 18:44:06
Viscountess Gabriella de la Rochefoucauld	Drawing room	2	2022-12-31 18:44:25
Duchess Penelope Somerset	Game room	1	2022-12-31 18:44:41
Baroness Isadora Huntington	Trophy room	2	2022-12-31 18:46:57
Lady Caroline Hastings	Music room	3	2022-12-31 18:50:12
Sir Percival Montague	Conservatory	1	2022-12-31 18:51:22
Lady Isadora de Montfort	Sitting room	2	2022-12-31 18:51:56
Marquess Maximilian Blackwood	Trophy room	1	2022-12-31 18:54:39
Marquess Rupert de Vere	Conservatory	3	2022-12-31 18:54:41
Archduchess Maria Theresa of Austria	Game room	2	2022-12-31 18:55:12
Marchioness Gwendolyn Fitzroy	Music room	2	2022-12-31 18:55:59
Baroness Zara von Fersen	Study room	1	2022-12-31 18:56:00
Archduchess Maria Theresa of Austria	Conservatory	1	2022-12-31 18:58:29
Viscountess Gabriella de la Rochefoucauld	Trophy room	1	2022-12-31 18:58:56
Duchess Elizabeth Beauchamp	Drawing room	2	2022-12-31 18:59:15
Countess Georgiana Cavendish	Study room	2	2022-12-31 18:59:23
Lady Guinevere Ashford	Sitting room	1	2022-12-31 19:00:18
Duchess Isabella di Medici	Trophy room	3	2022-12-31 19:00:45
Sir Hector MacKenzie	Billiard room	2	2022-12-31 19:01:11
Countess Emilia de Montfort	Music room	1	2022-12-31 19:02:31
Viscountess Henrietta Ashby	Study room	3	2022-12-31 19:02:35
Prince Leopold von Habsburg	Study room	2	2022-12-31 19:02:49
Countess Emilia de Montfort	Conservatory	1	2022-12-31 19:03:43
Duchess Anastasia Ivanova	Music room	1	2022-12-31 19:06:20
Marchioness Isabella Beaumont	Music room	3	2022-12-31 19:06:50
Marquess Maximilian Blackwood	Billiard room	2	2022-12-31 19:06:52
Viscountess Henrietta Ashby	Billiard room	1	2022-12-31 19:07:18
Marchioness Eleonora di San Giuliano	Conservatory	2	2022-12-31 19:07:33
Duchess Penelope Somerset	Sitting room	1	2022-12-31 19:08:18
Countess Rosalind von Hohenheim	Billiard room	2	2022-12-31 19:08:55
Baroness Isadora Huntington	Conservatory	1	2022-12-31 19:09:01
Prince Constantine of Greece and Denmark	Music room	3	2022-12-31 19:10:51
Baron Maximilian von Rothschild	Conservatory	1	2022-12-31 19:12:10
Viscountess Arabella Beaumont	Drawing room	1	2022-12-31 19:13:57
Archduchess Maria Anna of Austria	Study room	3	2022-12-31 19:14:46
Lady Isadora de Montfort	Trophy room	1	2022-12-31 19:16:45
Lady Arabella Waverly	Drawing room	1	2022-12-31 19:16:52
Prince Leopold von Habsburg	Study room	3	2022-12-31 19:17:47
Marchioness Isabella Beaumont	Drawing room	1	2022-12-31 19:17:50
Archduke Gabriel von Thurn und Taxis	Sitting room	3	2022-12-31 19:18:04
Marchioness Eleonora di San Giuliano	Drawing room	3	2022-12-31 19:19:08
Princess Charlotte of Saxe-Meiningen	Trophy room	2	2022-12-31 19:19:22
Prince Alexander von Battenberg	Study room	1	2022-12-31 19:19:51
Countess Emilia de Montfort	Sitting room	2	2022-12-31 19:20:14
Countess Rosalind von Hohenheim	Trophy room	2	2022-12-31 19:21:39
Duchess Elizabeth Beauchamp	Trophy room	2	2022-12-31 19:21:41
Countess Georgiana Cavendish	Music room	1	2022-12-31 19:22:13
Marquess Rupert de Vere	Trophy room	2	2022-12-31 19:22:44
Baroness Zara von Fersen	Drawing room	3	2022-12-31 19:23:21
Sir Percival Montague	Trophy room	2	2022-12-31 19:23:32
Prince Alexander von Battenberg	Conservatory	2	2022-12-31 19:25:15
Lady Guinevere Ashford	Game room	3	2022-12-31 19:25:45
Lady Victoria Pembroke	Sitting room	3	2022-12-31 19:26:22
Archduchess Maria Anna of Austria	Trophy room	3	2022-12-31 19:26:38
Marquess Rupert de Vere	Drawing room	2	2022-12-31 19:26:49
Baroness Zara von Fersen	Music room	2	2022-12-31 19:27:42
Baroness Dorothea von Liechtenstein	Trophy room	1	2022-12-31 19:27:54
Viscountess Arabella Beaumont	Billiard room	1	2022-12-31 19:28:28
Baroness Amelia Harrington	Sitting room	1	2022-12-31 19:30:16
Viscountess Gabriella de la Rochefoucauld	Sitting room	2	2022-12-31 19:30:57
Prince Maximilian of Baden	Game room	1	2022-12-31 19:31:03
Viscountess Arabella Beaumont	Conservatory	3	2022-12-31 19:31:11
Prince Constantine of Greece and Denmark	Trophy room	3	2022-12-31 19:32:09
Prince Leopold von Habsburg	Sitting room	2	2022-12-31 19:32:25
Baroness Dorothea von Liechtenstein	Game room	1	2022-12-31 19:32:34
Lady Octavia Fitzroy	Game room	3	2022-12-31 19:33:27
Baron Rupert von der Leyen	Study room	1	2022-12-31 19:34:04
Baroness Isadora Huntington	Billiard room	3	2022-12-31 19:34:26
Duke Alexander Wellington	Conservatory	2	2022-12-31 19:35:33
Marchioness Isabella Beaumont	Music room	2	2022-12-31 19:35:35
Viscountess Arabella Beaumont	Study room	2	2022-12-31 19:37:20
Countess Rosalind von Hohenheim	Conservatory	3	2022-12-31 19:38:24
Viscountess Arabella Beaumont	Sitting room	2	2022-12-31 19:39:58
Marchioness Isabella Beaumont	Trophy room	2	2022-12-31 19:41:02
Duchess Elizabeth Beauchamp	Drawing room	1	2022-12-31 19:41:37
Duke Alexander Wellington	Sitting room	2	2022-12-31 19:42:41
Marquess Lorenzo di Sant-Angelo	Billiard room	3	2022-12-31 19:42:54
Duchess Anastasia Ivanova	Game room	1	2022-12-31 19:43:15
Countess Georgiana Cavendish	Music room	2	2022-12-31 19:47:50
Marquess Rupert de Vere	Trophy room	2	2022-12-31 19:50:55
Viscountess Henrietta Ashby	Music room	2	2022-12-31 19:51:01
Marquess Rupert de Vere	Sitting room	1	2022-12-31 19:54:35
Lady Arabella Waverly	Drawing room	2	2022-12-31 19:55:01
Marchioness Isabella Beaumont	Drawing room	2	2022-12-31 19:55:46
Prince Maximilian of Baden	Music room	3	2022-12-31 19:57:34
Viscountess Octavia St. Clair	Trophy room	1	2022-12-31 20:00:05
Duke William Fitzroy	Sitting room	3	2022-12-31 20:00:20
Archduke Felix von Habsburg-Lothringen	Music room	2	2022-12-31 20:02:47
Lady Adelaide Worthington	Drawing room	2	2022-12-31 20:03:22
Marquess Lorenzo di Sant-Angelo	Billiard room	3	2022-12-31 20:03:32
Countess Emilia de Montfort	Trophy room	1	2022-12-31 20:03:59
Viscountess Gabriella de la Rochefoucauld	Conservatory	1	2022-12-31 20:04:23
Princess Charlotte of Saxe-Meiningen	Billiard room	1	2022-12-31 20:05:21
Lady Arabella Waverly	Billiard room	1	2022-12-31 20:05:34
Baroness Isadora Huntington	Music room	1	2022-12-31 20:05:47
Lady Caroline Hastings	Game room	3	2022-12-31 20:07:15
Lady Victoria Pembroke	Conservatory	1	2022-12-31 20:08:39
Archduke Gabriel von Thurn und Taxis	Conservatory	1	2022-12-31 20:09:36
Duke Alexander Wellington	Conservatory	3	2022-12-31 20:11:08
Baroness Dorothea von Liechtenstein	Billiard room	1	2022-12-31 20:11:31
Duchess Anastasia Ivanova	Study room	2	2022-12-31 20:11:55
Prince Constantine of Greece and Denmark	Music room	1	2022-12-31 20:13:08
Lady Victoria Pembroke	Sitting room	2	2022-12-31 20:13:26
Baron Maximilian von Rothschild	Conservatory	3	2022-12-31 20:14:30
Baron Maximilian von Rothschild	Game room	3	2022-12-31 20:14:33
Prince Constantine of Greece and Denmark	Billiard room	3	2022-12-31 20:15:58
Baroness Amelia Harrington	Game room	1	2022-12-31 20:16:10
Sir Edmund Thistlethwaite	Game room	3	2022-12-31 20:16:34
Countess Emilia de Montfort	Billiard room	2	2022-12-31 20:18:06
Sir Edmund Thistlethwaite	Billiard room	3	2022-12-31 20:18:16
Archduchess Maria Anna of Austria	Study room	3	2022-12-31 20:19:04
Viscountess Henrietta Ashby	Study room	2	2022-12-31 20:20:00
Lady Guinevere Ashford	Music room	2	2022-12-31 20:21:08
Lady Isadora de Montfort	Trophy room	1	2022-12-31 20:21:50
Baron Rupert von der Leyen	Conservatory	1	2022-12-31 20:21:53
Baron Rupert von der Leyen	Billiard room	2	2022-12-31 20:23:14
Princess Anastasia Romanov	Sitting room	2	2022-12-31 20:23:47
Marquess Rupert de Vere	Drawing room	3	2022-12-31 20:23:51
Archduke Gabriel von Thurn und Taxis	Billiard room	2	2022-12-31 20:24:07
Countess Rosalind von Hohenheim	Trophy room	1	2022-12-31 20:25:54
Countess Georgiana Cavendish	Game room	2	2022-12-31 20:26:06
Lady Adelaide Worthington	Music room	1	2022-12-31 20:28:20
Archduchess Maria Anna of Austria	Study room	2	2022-12-31 20:29:18
Duchess Elizabeth Beauchamp	Game room	3	2022-12-31 20:33:20
Lady Adelaide Worthington	Billiard room	2	2022-12-31 20:33:48
Lady Caroline Hastings	Conservatory	1	2022-12-31 20:36:01
Viscountess Gabriella de la Rochefoucauld	Drawing room	2	2022-12-31 20:36:02
Lady Isadora de Montfort	Game room	3	2022-12-31 20:36:04
Viscountess Henrietta Ashby	Study room	2	2022-12-31 20:36:07
Prince Alexander von Battenberg	Conservatory	2	2022-12-31 20:36:38
Prince Constantine of Greece and Denmark	Billiard room	2	2022-12-31 20:36:43
Sir Hector MacKenzie	Sitting room	2	2022-12-31 20:37:36
Countess Rosalind von Hohenheim	Billiard room	3	2022-12-31 20:37:54
Lady Victoria Pembroke	Conservatory	3	2022-12-31 20:38:32
Lady Victoria Pembroke	Conservatory	1	2022-12-31 20:39:23
Marquess Lorenzo di Sant-Angelo	Study room	1	2022-12-31 20:39:47
Viscountess Henrietta Ashby	Billiard room	3	2022-12-31 20:40:36
Duchess Penelope Somerset	Drawing room	1	2022-12-31 20:40:50
Viscountess Gabriella de la Rochefoucauld	Conservatory	1	2022-12-31 20:41:32
Sir Hector MacKenzie	Sitting room	1	2022-12-31 20:41:49
Duke William Fitzroy	Drawing room	1	2022-12-31 20:45:19
Lady Arabella Waverly	Music room	3	2022-12-31 20:45:46
Marchioness Felicity Somerset	Game room	3	2022-12-31 20:45:59
Archduke Gabriel von Thurn und Taxis	Conservatory	1	2022-12-31 20:47:34
Countess Emilia de Montfort	Drawing room	3	2022-12-31 20:47:42
Archduchess Maria Anna of Austria	Billiard room	3	2022-12-31 20:48:34
Countess Emilia de Montfort	Music room	2	2022-12-31 20:49:01
Countess Emilia de Montfort	Music room	2	2022-12-31 20:49:16
Lady Adelaide Worthington	Study room	2	2022-12-31 20:49:26
Sir Percival Montague	Billiard room	1	2022-12-31 20:51:40
Duke William Fitzroy	Sitting room	2	2022-12-31 20:51:58
Viscountess Gabriella de la Rochefoucauld	Game room	1	2022-12-31 20:53:50
Lady Adelaide Worthington	Drawing room	3	2022-12-31 20:57:19
Princess Anastasia Romanov	Conservatory	2	2022-12-31 20:57:47
Countess Rosalind von Hohenheim	Conservatory	2	2022-12-31 21:02:29
Lady Victoria Pembroke	Trophy room	1	2022-12-31 21:03:02
Marquess Maximilian Blackwood	Trophy room	1	2022-12-31 21:03:08
Archduchess Maria Theresa of Austria	Study room	2	2022-12-31 21:04:15
Duchess Elizabeth Beauchamp	Trophy room	2	2022-12-31 21:04:47
Archduke Gabriel von Thurn und Taxis	Study room	1	2022-12-31 21:07:33
Marquess Rupert de Vere	Music room	2	2022-12-31 21:08:17
Prince Leopold von Habsburg	Study room	2	2022-12-31 21:08:48
Princess Charlotte of Saxe-Meiningen	Game room	2	2022-12-31 21:09:02
Prince Alexander von Battenberg	Game room	2	2022-12-31 21:10:37
Duke Ferdinand von Württemberg	Game room	3	2022-12-31 21:11:14
Baroness Isadora Huntington	Study room	3	2022-12-31 21:12:13
Prince Maximilian of Baden	Game room	2	2022-12-31 21:12:25
Marquess Lorenzo di Sant-Angelo	Drawing room	3	2022-12-31 21:14:53
Duchess Penelope Somerset	Conservatory	3	2022-12-31 21:16:13
Duke Alexander Wellington	Conservatory	3	2022-12-31 21:16:16
Archduke Felix von Habsburg-Lothringen	Billiard room	2	2022-12-31 21:17:45
Marchioness Gwendolyn Fitzroy	Billiard room	1	2022-12-31 21:20:18
Sir Cedric Lancaster	Trophy room	3	2022-12-31 21:22:30
Viscountess Octavia St. Clair	Conservatory	2	2022-12-31 21:22:49
Prince Leopold von Habsburg	Sitting room	3	2022-12-31 21:22:57
Countess Georgiana Cavendish	Study room	1	2022-12-31 21:23:01
Prince Maximilian of Baden	Conservatory	1	2022-12-31 21:24:07
Marchioness Felicity Somerset	Game room	3	2022-12-31 21:25:43
Duchess Anastasia Ivanova	Trophy room	2	2022-12-31 21:28:03
Lord Reginald Hawthorne	Sitting room	2	2022-12-31 21:28:43
Archduchess Maria Theresa of Austria	Billiard room	3	2022-12-31 21:30:09
Baroness Dorothea von Liechtenstein	Drawing room	1	2022-12-31 21:31:03
Prince Alexander von Battenberg	Conservatory	3	2022-12-31 21:31:45
Lady Guinevere Ashford	Music room	1	2022-12-31 21:32:05
Prince Maximilian of Baden	Drawing room	2	2022-12-31 21:32:13
Lord Reginald Hawthorne	Music room	1	2022-12-31 21:32:17
Sir Percival Montague	Study room	2	2022-12-31 21:33:33
Marchioness Isabella Beaumont	Trophy room	1	2022-12-31 21:33:55
Lady Guinevere Ashford	Sitting room	2	2022-12-31 21:34:13
Prince Constantine of Greece and Denmark	Music room	2	2022-12-31 21:36:22
Viscountess Octavia St. Clair	Music room	1	2022-12-31 21:36:27
Sir Cedric Lancaster	Trophy room	3	2022-12-31 21:38:23
Marchioness Gwendolyn Fitzroy	Billiard room	1	2022-12-31 21:38:56
Duke Alexander Wellington	Conservatory	1	2022-12-31 21:42:33
Duke Alexander Wellington	Music room	3	2022-12-31 21:42:43
Sir Edmund Thistlethwaite	Trophy room	2	2022-12-31 21:43:28
Baroness Isadora Huntington	Billiard room	1	2022-12-31 21:45:26
Baroness Amelia Harrington	Game room	3	2022-12-31 21:45:56
Prince Leopold von Habsburg	Conservatory	3	2022-12-31 21:46:00
Baroness Isadora Huntington	Music room	1	2022-12-31 21:46:41
Baron Maximilian von Rothschild	Sitting room	1	2022-12-31 21:47:35
Baron Maximilian von Rothschild	Drawing room	2	2022-12-31 21:50:08
Lady Adelaide Worthington	Drawing room	2	2022-12-31 21:50:14
Countess Georgiana Cavendish	Billiard room	1	2022-12-31 21:50:34
Duke Alexander Wellington	Sitting room	2	2022-12-31 21:50:47
Prince Maximilian of Baden	Drawing room	1	2022-12-31 21:51:15
Duke Ferdinand von Württemberg	Study room	3	2022-12-31 21:51:50
Baroness Zara von Fersen	Billiard room	1	2022-12-31 21:51:52
Baroness Amelia Harrington	Music room	3	2022-12-31 21:52:08
Archduke Felix von Habsburg-Lothringen	Sitting room	1	2022-12-31 21:53:13
Lady Isadora de Montfort	Study room	2	2022-12-31 21:54:16
Sir Percival Montague	Game room	2	2022-12-31 21:54:39
Archduchess Maria Theresa of Austria	Sitting room	1	2022-12-31 21:54:59
Archduke Gabriel von Thurn und Taxis	Study room	2	2022-12-31 21:55:32
Countess Rosalind von Hohenheim	Game room	2	2022-12-31 21:57:34
Prince Alexander von Battenberg	Billiard room	3	2022-12-31 21:59:29
Marquess Lorenzo di Sant-Angelo	Study room	1	2022-12-31 21:59:35
Marchioness Felicity Somerset	Conservatory	3	2022-12-31 21:59:44
Duchess Elizabeth Beauchamp	Music room	1	2022-12-31 22:02:01
Marquess Lorenzo di Sant-Angelo	Sitting room	3	2022-12-31 22:04:18
Viscountess Henrietta Ashby	Game room	2	2022-12-31 22:04:26
Prince Maximilian of Baden	Music room	1	2022-12-31 22:05:04
Marquess Rupert de Vere	Drawing room	2	2022-12-31 22:05:06
Lady Octavia Fitzroy	Game room	1	2022-12-31 22:05:49
Sir Edmund Thistlethwaite	Study room	3	2022-12-31 22:06:36
Duchess Isabella di Medici	Music room	2	2022-12-31 22:06:55
Prince Constantine of Greece and Denmark	Music room	2	2022-12-31 22:08:44
Countess Rosalind von Hohenheim	Conservatory	1	2022-12-31 22:09:45
Archduchess Maria Theresa of Austria	Conservatory	2	2022-12-31 22:09:58
Princess Charlotte of Saxe-Meiningen	Sitting room	1	2022-12-31 22:10:42
Archduke Gabriel von Thurn und Taxis	Drawing room	3	2022-12-31 22:12:04
Duchess Elizabeth Beauchamp	Trophy room	1	2022-12-31 22:12:29
Prince Maximilian of Baden	Billiard room	1	2022-12-31 22:13:10
Lady Caroline Hastings	Study room	1	2022-12-31 22:13:48
Viscountess Gabriella de la Rochefoucauld	Conservatory	1	2022-12-31 22:14:03
Marchioness Gwendolyn Fitzroy	Game room	2	2022-12-31 22:14:54
Duke William Fitzroy	Game room	3	2022-12-31 22:14:55
Sir Cedric Lancaster	Study room	2	2022-12-31 22:14:59
Baron Maximilian von Rothschild	Study room	3	2022-12-31 22:17:41
Duchess Anastasia Ivanova	Game room	1	2022-12-31 22:17:50
Duchess Penelope Somerset	Study room	1	2022-12-31 22:17:55
Marchioness Isabella Beaumont	Study room	2	2022-12-31 22:18:26
Countess Rosalind von Hohenheim	Billiard room	2	2022-12-31 22:18:41
Archduke Felix von Habsburg-Lothringen	Sitting room	2	2022-12-31 22:21:28
Marquess Maximilian Blackwood	Trophy room	2	2022-12-31 22:22:20
Sir Cedric Lancaster	Music room	3	2022-12-31 22:22:24
Lady Arabella Waverly	Conservatory	1	2022-12-31 22:22:38
Baroness Isadora Huntington	Conservatory	2	2022-12-31 22:27:57
Baroness Amelia Harrington	Game room	3	2022-12-31 22:28:17
Baroness Isadora Huntington	Study room	1	2022-12-31 22:29:21
Lady Isadora de Montfort	Study room	2	2022-12-31 22:29:40
Princess Anastasia Romanov	Conservatory	1	2022-12-31 22:30:14
Countess Rosalind von Hohenheim	Study room	2	2022-12-31 22:30:34
Duke Alexander Wellington	Billiard room	2	2022-12-31 22:30:39
Viscountess Henrietta Ashby	Music room	1	2022-12-31 22:31:41
Baroness Zara von Fersen	Trophy room	2	2022-12-31 22:31:43
Lady Isadora de Montfort	Drawing room	3	2022-12-31 22:32:19
Lady Guinevere Ashford	Study room	3	2022-12-31 22:33:54
Marquess Maximilian Blackwood	Trophy room	1	2022-12-31 22:34:27
Archduchess Maria Anna of Austria	Music room	1	2022-12-31 22:37:05
Viscountess Gabriella de la Rochefoucauld	Game room	2	2022-12-31 22:38:29
Princess Anastasia Romanov	Trophy room	2	2022-12-31 22:40:29
Baroness Isadora Huntington	Conservatory	1	2022-12-31 22:41:20
Baroness Zara von Fersen	Game room	2	2022-12-31 22:41:22
Lord Reginald Hawthorne	Game room	3	2022-12-31 22:41:40
Archduke Gabriel von Thurn und Taxis	Conservatory	1	2022-12-31 22:41:48
Lady Octavia Fitzroy	Game room	2	2022-12-31 22:41:53
Marchioness Isabella Beaumont	Conservatory	1	2022-12-31 22:43:57
Duchess Elizabeth Beauchamp	Music room	3	2022-12-31 22:44:04
Viscountess Octavia St. Clair	Music room	3	2022-12-31 22:45:08
Marchioness Gwendolyn Fitzroy	Billiard room	3	2022-12-31 22:46:31
Duke Alexander Wellington	Game room	2	2022-12-31 22:47:02
Lady Caroline Hastings	Conservatory	2	2022-12-31 22:47:59
Viscountess Gabriella de la Rochefoucauld	Music room	3	2022-12-31 22:49:28
Countess Rosalind von Hohenheim	Game room	3	2022-12-31 22:56:29
Marchioness Eleonora di San Giuliano	Study room	1	2022-12-31 22:57:26
Countess Emilia de Montfort	Conservatory	2	2022-12-31 23:01:41
Lady Octavia Fitzroy	Drawing room	1	2022-12-31 23:01:44
Prince Alexander von Battenberg	Game room	2	2022-12-31 23:01:47
Marquess Maximilian Blackwood	Sitting room	1	2022-12-31 23:01:48
Duke William Fitzroy	Trophy room	3	2022-12-31 23:03:43
Duke Alexander Wellington	Sitting room	2	2022-12-31 23:06:36
Lady Caroline Hastings	Conservatory	1	2022-12-31 23:07:21
Lady Isadora de Montfort	Trophy room	3	2022-12-31 23:07:27
Lady Adelaide Worthington	Sitting room	2	2022-12-31 23:07:49
Prince Constantine of Greece and Denmark	Drawing room	3	2022-12-31 23:08:47
Sir Hector MacKenzie	Trophy room	2	2022-12-31 23:09:35
Baron Maximilian von Rothschild	Billiard room	1	2022-12-31 23:11:27
Marchioness Isabella Beaumont	Conservatory	2	2022-12-31 23:11:39
Prince Maximilian of Baden	Study room	1	2022-12-31 23:13:07
Prince Alexander von Battenberg	Conservatory	3	2022-12-31 23:13:09
Marchioness Eleonora di San Giuliano	Game room	2	2022-12-31 23:14:31
Archduke Felix von Habsburg-Lothringen	Billiard room	3	2022-12-31 23:15:43
Archduke Gabriel von Thurn und Taxis	Conservatory	3	2022-12-31 23:15:48
Lord Reginald Hawthorne	Music room	2	2022-12-31 23:16:21
Baroness Dorothea von Liechtenstein	Music room	3	2022-12-31 23:17:16
Viscountess Henrietta Ashby	Conservatory	2	2022-12-31 23:17:19
Prince Leopold von Habsburg	Conservatory	2	2022-12-31 23:18:40
Archduke Gabriel von Thurn und Taxis	Music room	2	2022-12-31 23:19:14
Marchioness Gwendolyn Fitzroy	Trophy room	1	2022-12-31 23:19:33
Sir Edmund Thistlethwaite	Game room	2	2022-12-31 23:20:07
Viscountess Henrietta Ashby	Billiard room	3	2022-12-31 23:20:32
Viscountess Octavia St. Clair	Music room	2	2022-12-31 23:21:14
Baroness Zara von Fersen	Trophy room	2	2022-12-31 23:22:19
Archduchess Maria Anna of Austria	Music room	3	2022-12-31 23:22:23
Duchess Anastasia Ivanova	Study room	2	2022-12-31 23:23:41
Lady Caroline Hastings	Study room	1	2022-12-31 23:25:35
Baroness Dorothea von Liechtenstein	Study room	1	2022-12-31 23:25:41
Marchioness Isabella Beaumont	Study room	3	2022-12-31 23:26:11
Lady Octavia Fitzroy	Billiard room	3	2022-12-31 23:31:21
Archduke Felix von Habsburg-Lothringen	Sitting room	2	2022-12-31 23:31:44
Lady Caroline Hastings	Study room	2	2022-12-31 23:32:46
Marquess Rupert de Vere	Billiard room	2	2022-12-31 23:33:28
Sir Edmund Thistlethwaite	Game room	2	2022-12-31 23:34:40
Marchioness Felicity Somerset	Conservatory	2	2022-12-31 23:35:26
Baroness Zara von Fersen	Conservatory	2	2022-12-31 23:35:46
Lady Victoria Pembroke	Sitting room	2	2022-12-31 23:37:03
Marchioness Gwendolyn Fitzroy	Sitting room	3	2022-12-31 23:38:49
Lady Octavia Fitzroy	Drawing room	3	2022-12-31 23:39:08
Prince Leopold von Habsburg	Trophy room	3	2022-12-31 23:39:14
Baroness Amelia Harrington	Sitting room	1	2022-12-31 23:39:43
Prince Constantine of Greece and Denmark	Sitting room	2	2022-12-31 23:40:26
Sir Hector MacKenzie	Conservatory	3	2022-12-31 23:40:43
Sir Cedric Lancaster	Study room	3	2022-12-31 23:41:59
Viscountess Octavia St. Clair	Game room	2	2022-12-31 23:42:16
Countess Emilia de Montfort	Trophy room	2	2022-12-31 23:45:21
Marquess Rupert de Vere	Drawing room	3	2022-12-31 23:45:42
Baroness Dorothea von Liechtenstein	Conservatory	3	2022-12-31 23:46:45
Countess Emilia de Montfort	Sitting room	3	2022-12-31 23:48:09
Duchess Anastasia Ivanova	Game room	1	2022-12-31 23:49:17
Lady Isadora de Montfort	Sitting room	3	2022-12-31 23:49:47
Archduchess Maria Theresa of Austria	Study room	2	2022-12-31 23:51:56
Prince Maximilian of Baden	Trophy room	2	2022-12-31 23:51:58
Viscountess Arabella Beaumont	Music room	2	2022-12-31 23:52:23
Duchess Penelope Somerset	Trophy room	2	2022-12-31 23:52:37
Sir Percival Montague	Game room	3	2022-12-31 23:53:22
Viscountess Octavia St. Clair	Game room	2	2022-12-31 23:55:18
Viscountess Octavia St. Clair	Trophy room	3	2022-12-31 23:55:22
Marchioness Felicity Somerset	Conservatory	3	2022-12-31 23:58:19
Princess Charlotte of Saxe-Meiningen	Music room	1	2022-12-31 23:58:59
Archduke Gabriel von Thurn und Taxis	Billiard room	2	2022-12-31 23:59:49
Archduchess Maria Theresa of Austria	Conservatory	3	2023-01-01 00:00:02
Viscountess Octavia St. Clair	Study room	2	2023-01-01 00:01:03
Sir Percival Montague	Study room	1	2023-01-01 00:01:30
Marquess Maximilian Blackwood	Billiard room	2	2023-01-01 00:01:44
Duchess Anastasia Ivanova	Game room	1	2023-01-01 00:01:47
Countess Emilia de Montfort	Conservatory	1	2023-01-01 00:02:16
Prince Alexander von Battenberg	Study room	3	2023-01-01 00:03:10
Viscountess Octavia St. Clair	Game room	1	2023-01-01 00:03:54
Baroness Zara von Fersen	Study room	1	2023-01-01 00:06:50
Marquess Rupert de Vere	Study room	2	2023-01-01 00:07:11
Sir Edmund Thistlethwaite	Game room	2	2023-01-01 00:07:26
Viscountess Henrietta Ashby	Study room	2	2023-01-01 00:08:07
Marquess Maximilian Blackwood	Drawing room	3	2023-01-01 00:08:19
Countess Georgiana Cavendish	Sitting room	1	2023-01-01 00:09:23
Sir Percival Montague	Billiard room	3	2023-01-01 00:09:57
Marquess Rupert de Vere	Study room	2	2023-01-01 00:11:46
Marquess Lorenzo di Sant-Angelo	Drawing room	2	2023-01-01 00:12:28
Viscountess Octavia St. Clair	Game room	1	2023-01-01 00:13:20
Prince Alexander von Battenberg	Game room	3	2023-01-01 00:15:15
Sir Percival Montague	Billiard room	1	2023-01-01 00:17:39
Princess Anastasia Romanov	Drawing room	1	2023-01-01 00:19:14
Prince Maximilian of Baden	Drawing room	3	2023-01-01 00:21:13
Baroness Dorothea von Liechtenstein	Drawing room	3	2023-01-01 00:21:24
Duchess Isabella di Medici	Trophy room	3	2023-01-01 00:22:36
Baroness Zara von Fersen	Sitting room	3	2023-01-01 00:22:45
Baron Maximilian von Rothschild	Study room	2	2023-01-01 00:25:12
Marchioness Eleonora di San Giuliano	Music room	3	2023-01-01 00:25:57
Marchioness Isabella Beaumont	Trophy room	1	2023-01-01 00:26:16
Marchioness Eleonora di San Giuliano	Study room	1	2023-01-01 00:26:30
Lady Caroline Hastings	Music room	2	2023-01-01 00:28:13
Archduchess Maria Theresa of Austria	Trophy room	3	2023-01-01 00:28:20
Marchioness Isabella Beaumont	Billiard room	3	2023-01-01 00:28:39
Prince Leopold von Habsburg	Drawing room	3	2023-01-01 00:30:37
Lady Adelaide Worthington	Trophy room	2	2023-01-01 00:30:42
Lady Octavia Fitzroy	Game room	3	2023-01-01 00:33:09
Viscountess Arabella Beaumont	Drawing room	2	2023-01-01 00:33:46
Viscountess Henrietta Ashby	Billiard room	3	2023-01-01 00:34:07
Prince Maximilian of Baden	Study room	3	2023-01-01 00:36:55
Archduke Gabriel von Thurn und Taxis	Trophy room	2	2023-01-01 00:37:42
Lady Arabella Waverly	Billiard room	1	2023-01-01 00:39:13
Sir Edmund Thistlethwaite	Study room	3	2023-01-01 00:40:07
Marquess Lorenzo di Sant-Angelo	Music room	2	2023-01-01 00:40:18
Duchess Penelope Somerset	Trophy room	2	2023-01-01 00:41:15
Lady Victoria Pembroke	Drawing room	3	2023-01-01 00:43:01
Lady Caroline Hastings	Billiard room	1	2023-01-01 00:44:57
Sir Hector MacKenzie	Trophy room	3	2023-01-01 00:45:12
Archduchess Maria Theresa of Austria	Conservatory	1	2023-01-01 00:45:15
Marquess Rupert de Vere	Trophy room	1	2023-01-01 00:45:33
Sir Edmund Thistlethwaite	Study room	3	2023-01-01 00:45:45
Sir Hector MacKenzie	Billiard room	1	2023-01-01 00:46:20
Lady Caroline Hastings	Music room	3	2023-01-01 00:46:59
Marchioness Eleonora di San Giuliano	Study room	2	2023-01-01 00:48:37
Prince Alexander von Battenberg	Game room	3	2023-01-01 00:49:42
Countess Georgiana Cavendish	Music room	3	2023-01-01 00:50:12
Prince Maximilian of Baden	Trophy room	2	2023-01-01 00:50:20
Prince Leopold von Habsburg	Conservatory	2	2023-01-01 00:51:56
Marchioness Isabella Beaumont	Music room	1	2023-01-01 00:52:20
Baroness Zara von Fersen	Music room	1	2023-01-01 00:53:02
Duke Ferdinand von Württemberg	Billiard room	2	2023-01-01 00:55:18
Prince Maximilian of Baden	Trophy room	2	2023-01-01 00:57:09
Princess Anastasia Romanov	Game room	3	2023-01-01 00:57:39
Prince Leopold von Habsburg	Study room	1	2023-01-01 00:58:14
Viscountess Henrietta Ashby	Conservatory	2	2023-01-01 00:58:30
Marchioness Eleonora di San Giuliano	Music room	3	2023-01-01 00:59:00
Lady Isadora de Montfort	Sitting room	2	2023-01-01 01:02:31
Prince Leopold von Habsburg	Conservatory	2	2023-01-01 01:04:03
Lady Guinevere Ashford	Billiard room	2	2023-01-01 01:04:30
Prince Maximilian of Baden	Study room	2	2023-01-01 01:04:50
Marchioness Gwendolyn Fitzroy	Drawing room	1	2023-01-01 01:05:44
Baroness Isadora Huntington	Conservatory	3	2023-01-01 01:05:59
Viscountess Octavia St. Clair	Game room	3	2023-01-01 01:06:39
Marchioness Felicity Somerset	Billiard room	2	2023-01-01 01:07:42
Baron Maximilian von Rothschild	Game room	1	2023-01-01 01:07:44
Archduchess Maria Theresa of Austria	Music room	2	2023-01-01 01:08:00
Archduke Felix von Habsburg-Lothringen	Drawing room	1	2023-01-01 01:10:14
Viscountess Octavia St. Clair	Music room	1	2023-01-01 01:10:42
Archduke Felix von Habsburg-Lothringen	Trophy room	3	2023-01-01 01:12:26
Duchess Elizabeth Beauchamp	Trophy room	2	2023-01-01 01:12:40
Duchess Elizabeth Beauchamp	Game room	1	2023-01-01 01:14:46
Sir Cedric Lancaster	Music room	2	2023-01-01 01:15:14
Duchess Anastasia Ivanova	Sitting room	3	2023-01-01 01:15:32
Viscountess Octavia St. Clair	Conservatory	2	2023-01-01 01:16:02
Duchess Isabella di Medici	Conservatory	1	2023-01-01 01:16:49
Baroness Amelia Harrington	Study room	3	2023-01-01 01:17:50
Duke Alexander Wellington	Billiard room	2	2023-01-01 01:18:09
Archduke Gabriel von Thurn und Taxis	Drawing room	2	2023-01-01 01:19:33
Archduke Gabriel von Thurn und Taxis	Study room	1	2023-01-01 01:21:56
Archduchess Maria Theresa of Austria	Billiard room	1	2023-01-01 01:22:39
Duchess Isabella di Medici	Trophy room	2	2023-01-01 01:23:46
Lady Victoria Pembroke	Study room	3	2023-01-01 01:24:58
Viscountess Henrietta Ashby	Game room	1	2023-01-01 01:25:17
Sir Hector MacKenzie	Sitting room	3	2023-01-01 01:26:17
Viscountess Gabriella de la Rochefoucauld	Sitting room	2	2023-01-01 01:27:19
Lady Caroline Hastings	Billiard room	3	2023-01-01 01:28:41
Viscountess Octavia St. Clair	Sitting room	1	2023-01-01 01:29:34
Archduchess Maria Theresa of Austria	Music room	3	2023-01-01 01:32:12
Viscountess Henrietta Ashby	Game room	3	2023-01-01 01:33:21
Baroness Dorothea von Liechtenstein	Billiard room	2	2023-01-01 01:33:34
Baroness Zara von Fersen	Billiard room	3	2023-01-01 01:34:49
Archduke Felix von Habsburg-Lothringen	Billiard room	3	2023-01-01 01:35:15
Marquess Lorenzo di Sant-Angelo	Drawing room	2	2023-01-01 01:36:21
Baroness Zara von Fersen	Study room	2	2023-01-01 01:36:41
Viscountess Arabella Beaumont	Drawing room	2	2023-01-01 01:37:10
Princess Charlotte of Saxe-Meiningen	Game room	2	2023-01-01 01:37:39
Marchioness Gwendolyn Fitzroy	Conservatory	2	2023-01-01 01:37:54
Lady Isadora de Montfort	Conservatory	3	2023-01-01 01:39:08
Lady Caroline Hastings	Billiard room	3	2023-01-01 01:39:16
Duchess Anastasia Ivanova	Drawing room	3	2023-01-01 01:39:51
Marquess Rupert de Vere	Music room	1	2023-01-01 01:39:54
Marquess Maximilian Blackwood	Conservatory	1	2023-01-01 01:40:04
Prince Constantine of Greece and Denmark	Sitting room	2	2023-01-01 01:41:13
Marchioness Isabella Beaumont	Sitting room	1	2023-01-01 01:41:41
Duke Alexander Wellington	Music room	2	2023-01-01 01:42:56
Baroness Amelia Harrington	Study room	3	2023-01-01 01:42:59
Duchess Penelope Somerset	Music room	1	2023-01-01 01:43:46
Sir Cedric Lancaster	Billiard room	1	2023-01-01 01:47:27
Prince Leopold von Habsburg	Study room	1	2023-01-01 01:50:43
Sir Cedric Lancaster	Game room	3	2023-01-01 01:50:49
Viscountess Octavia St. Clair	Study room	1	2023-01-01 01:51:49
Lady Arabella Waverly	Billiard room	2	2023-01-01 01:52:16
Marquess Rupert de Vere	Sitting room	1	2023-01-01 01:53:39
Sir Edmund Thistlethwaite	Game room	1	2023-01-01 01:55:34
Countess Emilia de Montfort	Conservatory	2	2023-01-01 01:55:35
Countess Rosalind von Hohenheim	Music room	3	2023-01-01 01:56:33
Viscountess Henrietta Ashby	Music room	3	2023-01-01 01:57:19
Duchess Anastasia Ivanova	Study room	1	2023-01-01 01:57:26
Princess Charlotte of Saxe-Meiningen	Billiard room	1	2023-01-01 02:04:22
Marquess Maximilian Blackwood	Trophy room	2	2023-01-01 02:04:31
Marchioness Felicity Somerset	Conservatory	1	2023-01-01 02:04:52
Viscountess Gabriella de la Rochefoucauld	Trophy room	3	2023-01-01 02:06:39
Duchess Penelope Somerset	Drawing room	1	2023-01-01 02:07:20
Lady Adelaide Worthington	Study room	3	2023-01-01 02:07:43
Princess Charlotte of Saxe-Meiningen	Conservatory	2	2023-01-01 02:08:06
Baron Maximilian von Rothschild	Trophy room	3	2023-01-01 02:08:32
Lady Adelaide Worthington	Music room	2	2023-01-01 02:09:11
Duchess Isabella di Medici	Billiard room	1	2023-01-01 02:09:52
Prince Maximilian of Baden	Sitting room	2	2023-01-01 02:11:15
Countess Emilia de Montfort	Game room	2	2023-01-01 02:11:22
Marquess Lorenzo di Sant-Angelo	Billiard room	2	2023-01-01 02:11:28
Duchess Penelope Somerset	Study room	1	2023-01-01 02:11:32
Prince Leopold von Habsburg	Study room	3	2023-01-01 02:16:09
Marchioness Felicity Somerset	Billiard room	2	2023-01-01 02:16:40
Lady Adelaide Worthington	Billiard room	2	2023-01-01 02:17:53
Countess Rosalind von Hohenheim	Sitting room	1	2023-01-01 02:19:03
Prince Alexander von Battenberg	Game room	1	2023-01-01 02:21:44
Duchess Anastasia Ivanova	Conservatory	2	2023-01-01 02:22:43
Marchioness Gwendolyn Fitzroy	Music room	2	2023-01-01 02:22:44
Baroness Zara von Fersen	Trophy room	1	2023-01-01 02:22:50
Archduchess Maria Theresa of Austria	Music room	2	2023-01-01 02:23:40
Marquess Maximilian Blackwood	Trophy room	3	2023-01-01 02:24:30
Archduchess Maria Theresa of Austria	Study room	2	2023-01-01 02:24:59
Princess Anastasia Romanov	Drawing room	3	2023-01-01 02:25:14
Baroness Amelia Harrington	Billiard room	3	2023-01-01 02:25:32
Princess Anastasia Romanov	Conservatory	3	2023-01-01 02:26:25
Lord Reginald Hawthorne	Sitting room	1	2023-01-01 02:27:02
Duchess Isabella di Medici	Study room	2	2023-01-01 02:27:41
Lady Arabella Waverly	Trophy room	1	2023-01-01 02:28:35
Duke Alexander Wellington	Conservatory	3	2023-01-01 02:30:44
Baroness Zara von Fersen	Conservatory	1	2023-01-01 02:30:56
Viscountess Arabella Beaumont	Sitting room	1	2023-01-01 02:31:13
Marchioness Isabella Beaumont	Game room	3	2023-01-01 02:31:24
Baroness Isadora Huntington	Sitting room	2	2023-01-01 02:32:05
Marchioness Eleonora di San Giuliano	Music room	3	2023-01-01 02:33:03
Marchioness Isabella Beaumont	Trophy room	1	2023-01-01 02:33:18
Lady Adelaide Worthington	Study room	3	2023-01-01 02:34:52
Sir Edmund Thistlethwaite	Drawing room	3	2023-01-01 02:35:13
Archduchess Maria Theresa of Austria	Music room	3	2023-01-01 02:36:08
Viscountess Octavia St. Clair	Conservatory	1	2023-01-01 02:36:22
Countess Rosalind von Hohenheim	Drawing room	2	2023-01-01 02:36:39
Lady Octavia Fitzroy	Conservatory	3	2023-01-01 02:36:46
Countess Rosalind von Hohenheim	Game room	1	2023-01-01 02:37:17
Princess Charlotte of Saxe-Meiningen	Trophy room	1	2023-01-01 02:37:22
Countess Rosalind von Hohenheim	Study room	3	2023-01-01 02:38:09
Sir Cedric Lancaster	Conservatory	1	2023-01-01 02:39:02
Archduke Felix von Habsburg-Lothringen	Trophy room	2	2023-01-01 02:39:48
Countess Georgiana Cavendish	Sitting room	2	2023-01-01 02:40:17
Marchioness Isabella Beaumont	Conservatory	1	2023-01-01 02:41:47
Princess Anastasia Romanov	Drawing room	2	2023-01-01 02:44:28
Baron Maximilian von Rothschild	Trophy room	3	2023-01-01 02:45:01
Lady Octavia Fitzroy	Trophy room	2	2023-01-01 02:45:15
Prince Constantine of Greece and Denmark	Billiard room	1	2023-01-01 02:45:25
Lady Isadora de Montfort	Conservatory	2	2023-01-01 02:46:06
Sir Edmund Thistlethwaite	Drawing room	2	2023-01-01 02:46:37
Lady Arabella Waverly	Study room	2	2023-01-01 02:47:32
Prince Alexander von Battenberg	Sitting room	1	2023-01-01 02:47:47
Prince Alexander von Battenberg	Conservatory	1	2023-01-01 02:48:32
Viscountess Henrietta Ashby	Game room	1	2023-01-01 02:52:26
Viscountess Octavia St. Clair	Sitting room	3	2023-01-01 02:52:51
Duke William Fitzroy	Study room	2	2023-01-01 02:55:35
Lady Isadora de Montfort	Sitting room	1	2023-01-01 02:55:59
Lady Victoria Pembroke	Music room	2	2023-01-01 02:57:43
Duchess Penelope Somerset	Billiard room	2	2023-01-01 02:58:05
Prince Alexander von Battenberg	Drawing room	2	2023-01-01 02:58:28
Lady Isadora de Montfort	Game room	1	2023-01-01 02:58:40
Lady Arabella Waverly	Billiard room	3	2023-01-01 02:59:57
Marquess Maximilian Blackwood	Trophy room	2	2023-01-01 03:00:46
Baroness Zara von Fersen	Billiard room	1	2023-01-01 03:01:09
Prince Leopold von Habsburg	Drawing room	2	2023-01-01 03:02:04
Viscountess Gabriella de la Rochefoucauld	Conservatory	1	2023-01-01 03:02:33
Countess Georgiana Cavendish	Study room	2	2023-01-01 03:06:56
Viscountess Henrietta Ashby	Study room	3	2023-01-01 03:10:08
Countess Georgiana Cavendish	Trophy room	3	2023-01-01 03:12:25
Prince Maximilian of Baden	Game room	2	2023-01-01 03:12:31
Lord Reginald Hawthorne	Trophy room	3	2023-01-01 03:13:12
Sir Cedric Lancaster	Trophy room	3	2023-01-01 03:15:01
Archduchess Maria Anna of Austria	Drawing room	3	2023-01-01 03:15:14
Princess Anastasia Romanov	Game room	1	2023-01-01 03:15:33
Lady Caroline Hastings	Game room	1	2023-01-01 03:16:49
Countess Georgiana Cavendish	Sitting room	3	2023-01-01 03:18:30
Duchess Isabella di Medici	Drawing room	2	2023-01-01 03:20:33
Duke Alexander Wellington	Game room	3	2023-01-01 03:21:42
Archduchess Maria Anna of Austria	Billiard room	1	2023-01-01 03:22:03
Duke Ferdinand von Württemberg	Music room	1	2023-01-01 03:22:25
Baroness Zara von Fersen	Study room	1	2023-01-01 03:22:42
Sir Hector MacKenzie	Study room	3	2023-01-01 03:22:43
Baroness Zara von Fersen	Study room	3	2023-01-01 03:25:07
Duke Alexander Wellington	Study room	3	2023-01-01 03:25:26
Viscountess Arabella Beaumont	Study room	2	2023-01-01 03:26:02
Countess Emilia de Montfort	Study room	1	2023-01-01 03:28:54
Viscountess Henrietta Ashby	Sitting room	1	2023-01-01 03:29:52
Archduke Felix von Habsburg-Lothringen	Sitting room	2	2023-01-01 03:31:23
Duchess Elizabeth Beauchamp	Music room	2	2023-01-01 03:31:33
Duchess Elizabeth Beauchamp	Drawing room	1	2023-01-01 03:34:44
Sir Cedric Lancaster	Conservatory	3	2023-01-01 03:35:29
Countess Rosalind von Hohenheim	Sitting room	2	2023-01-01 03:35:47
Lady Guinevere Ashford	Conservatory	3	2023-01-01 03:35:48
Duke William Fitzroy	Music room	1	2023-01-01 03:35:53
Marchioness Felicity Somerset	Conservatory	1	2023-01-01 03:35:59
Lady Arabella Waverly	Conservatory	3	2023-01-01 03:36:53
Baroness Isadora Huntington	Trophy room	3	2023-01-01 03:37:33
Countess Georgiana Cavendish	Study room	1	2023-01-01 03:39:16
Princess Charlotte of Saxe-Meiningen	Billiard room	3	2023-01-01 03:40:43
Lady Caroline Hastings	Music room	3	2023-01-01 03:41:45
Baron Maximilian von Rothschild	Trophy room	1	2023-01-01 03:43:00
Duchess Anastasia Ivanova	Trophy room	3	2023-01-01 03:43:51
Countess Emilia de Montfort	Trophy room	1	2023-01-01 03:44:39
Prince Maximilian of Baden	Study room	1	2023-01-01 03:44:52
Lady Adelaide Worthington	Game room	3	2023-01-01 03:48:17
Lady Octavia Fitzroy	Conservatory	3	2023-01-01 03:48:58
Lady Octavia Fitzroy	Sitting room	3	2023-01-01 03:50:39
Archduchess Maria Anna of Austria	Sitting room	2	2023-01-01 03:50:52
Viscountess Octavia St. Clair	Sitting room	3	2023-01-01 03:51:13
Lady Adelaide Worthington	Trophy room	3	2023-01-01 03:51:43
Viscountess Octavia St. Clair	Drawing room	1	2023-01-01 03:52:32
Prince Alexander von Battenberg	Drawing room	1	2023-01-01 03:53:39
Duchess Isabella di Medici	Game room	1	2023-01-01 03:54:51
Marchioness Felicity Somerset	Trophy room	3	2023-01-01 03:57:23
Princess Anastasia Romanov	Drawing room	1	2023-01-01 03:57:29
Baroness Zara von Fersen	Sitting room	3	2023-01-01 03:57:48
Princess Charlotte of Saxe-Meiningen	Drawing room	1	2023-01-01 03:59:05
Lady Isadora de Montfort	Music room	3	2023-01-01 03:59:26
Baroness Amelia Harrington	Billiard room	3	2023-01-01 03:59:28
Marchioness Isabella Beaumont	Trophy room	1	2023-01-01 04:00:08
Marquess Rupert de Vere	Music room	3	2023-01-01 04:00:42
Lady Adelaide Worthington	Game room	2	2023-01-01 04:01:17
Princess Charlotte of Saxe-Meiningen	Trophy room	1	2023-01-01 04:01:34
Princess Charlotte of Saxe-Meiningen	Drawing room	3	2023-01-01 04:02:24
Lady Caroline Hastings	Billiard room	1	2023-01-01 04:02:42
Sir Hector MacKenzie	Study room	3	2023-01-01 04:03:03
Viscountess Gabriella de la Rochefoucauld	Game room	1	2023-01-01 04:03:14
Archduke Gabriel von Thurn und Taxis	Sitting room	1	2023-01-01 04:03:48
Princess Anastasia Romanov	Conservatory	3	2023-01-01 04:04:29
Countess Rosalind von Hohenheim	Sitting room	1	2023-01-01 04:05:52
Prince Leopold von Habsburg	Trophy room	3	2023-01-01 04:08:28
Archduchess Maria Anna of Austria	Billiard room	3	2023-01-01 04:10:13
Baroness Isadora Huntington	Sitting room	1	2023-01-01 04:11:48
Lady Isadora de Montfort	Study room	1	2023-01-01 04:14:01
Viscountess Octavia St. Clair	Billiard room	3	2023-01-01 04:14:21
Duke Ferdinand von Württemberg	Music room	1	2023-01-01 04:14:28
Duchess Isabella di Medici	Game room	1	2023-01-01 04:15:29
Baron Maximilian von Rothschild	Drawing room	3	2023-01-01 04:15:37
Prince Leopold von Habsburg	Conservatory	2	2023-01-01 04:15:40
Marquess Rupert de Vere	Music room	1	2023-01-01 04:17:44
Prince Constantine of Greece and Denmark	Conservatory	3	2023-01-01 04:18:31
Prince Alexander von Battenberg	Study room	1	2023-01-01 04:20:34
Marchioness Felicity Somerset	Trophy room	2	2023-01-01 04:21:52
Viscountess Gabriella de la Rochefoucauld	Conservatory	3	2023-01-01 04:26:14
Sir Cedric Lancaster	Sitting room	3	2023-01-01 04:27:06
Marchioness Eleonora di San Giuliano	Study room	1	2023-01-01 04:27:35
Prince Constantine of Greece and Denmark	Drawing room	2	2023-01-01 04:28:16
Prince Maximilian of Baden	Sitting room	2	2023-01-01 04:28:29
Duchess Anastasia Ivanova	Trophy room	1	2023-01-01 04:28:56
Prince Leopold von Habsburg	Drawing room	2	2023-01-01 04:29:15
Marchioness Felicity Somerset	Game room	3	2023-01-01 04:29:36
Marquess Maximilian Blackwood	Game room	3	2023-01-01 04:30:25
Duchess Anastasia Ivanova	Trophy room	1	2023-01-01 04:32:21
Prince Alexander von Battenberg	Sitting room	2	2023-01-01 04:33:26
Viscountess Henrietta Ashby	Music room	1	2023-01-01 04:37:35
Archduke Felix von Habsburg-Lothringen	Study room	3	2023-01-01 04:38:26
Sir Cedric Lancaster	Music room	2	2023-01-01 04:39:45
Marchioness Eleonora di San Giuliano	Conservatory	1	2023-01-01 04:43:41
Viscountess Gabriella de la Rochefoucauld	Music room	1	2023-01-01 04:45:35
Sir Cedric Lancaster	Trophy room	3	2023-01-01 04:47:17
Marchioness Felicity Somerset	Music room	2	2023-01-01 04:48:23
Prince Leopold von Habsburg	Study room	1	2023-01-01 04:50:07
Marchioness Felicity Somerset	Music room	2	2023-01-01 04:50:29
Lord Reginald Hawthorne	Game room	3	2023-01-01 04:52:17
Countess Emilia de Montfort	Game room	2	2023-01-01 04:52:38
Princess Charlotte of Saxe-Meiningen	Music room	1	2023-01-01 04:52:47
Lady Guinevere Ashford	Music room	2	2023-01-01 04:54:16
Countess Georgiana Cavendish	Game room	3	2023-01-01 04:58:00
Prince Leopold von Habsburg	Game room	1	2023-01-01 05:00:38
Lady Octavia Fitzroy	Drawing room	1	2023-01-01 05:03:32
Duke Ferdinand von Württemberg	Study room	2	2023-01-01 05:03:58
Marchioness Isabella Beaumont	Sitting room	3	2023-01-01 05:04:31
Marchioness Eleonora di San Giuliano	Game room	1	2023-01-01 05:04:43
Prince Constantine of Greece and Denmark	Drawing room	1	2023-01-01 05:05:33
Sir Edmund Thistlethwaite	Conservatory	1	2023-01-01 05:06:10
Sir Percival Montague	Music room	3	2023-01-01 05:06:40
Baroness Isadora Huntington	Music room	2	2023-01-01 05:06:46
Sir Edmund Thistlethwaite	Sitting room	3	2023-01-01 05:09:20
Lady Arabella Waverly	Game room	1	2023-01-01 05:10:03
Prince Maximilian of Baden	Billiard room	1	2023-01-01 05:10:16
Countess Rosalind von Hohenheim	Game room	1	2023-01-01 05:10:25
Marchioness Felicity Somerset	Sitting room	1	2023-01-01 05:10:49
Prince Leopold von Habsburg	Billiard room	3	2023-01-01 05:10:51
Viscountess Henrietta Ashby	Trophy room	2	2023-01-01 05:13:06
Viscountess Octavia St. Clair	Trophy room	1	2023-01-01 05:13:22
Baroness Isadora Huntington	Study room	2	2023-01-01 05:14:16
Marchioness Gwendolyn Fitzroy	Trophy room	3	2023-01-01 05:16:13
Baroness Isadora Huntington	Sitting room	2	2023-01-01 05:17:59
Sir Cedric Lancaster	Study room	1	2023-01-01 05:19:20
Princess Charlotte of Saxe-Meiningen	Music room	2	2023-01-01 05:19:24
Lady Arabella Waverly	Billiard room	2	2023-01-01 05:19:37
Baroness Amelia Harrington	Sitting room	2	2023-01-01 05:20:03
Sir Hector MacKenzie	Drawing room	1	2023-01-01 05:20:57
Duchess Isabella di Medici	Sitting room	2	2023-01-01 05:21:17
Prince Constantine of Greece and Denmark	Billiard room	1	2023-01-01 05:24:47
Princess Anastasia Romanov	Music room	3	2023-01-01 05:24:52
Viscountess Octavia St. Clair	Drawing room	1	2023-01-01 05:26:02
Viscountess Henrietta Ashby	Conservatory	3	2023-01-01 05:26:07
Viscountess Arabella Beaumont	Conservatory	3	2023-01-01 05:26:33
Lady Guinevere Ashford	Sitting room	2	2023-01-01 05:26:54
Marquess Maximilian Blackwood	Billiard room	1	2023-01-01 05:29:02
Prince Maximilian of Baden	Drawing room	3	2023-01-01 05:29:37
Baron Maximilian von Rothschild	Music room	1	2023-01-01 05:30:13
Baroness Zara von Fersen	Sitting room	2	2023-01-01 05:32:05
Marchioness Felicity Somerset	Trophy room	2	2023-01-01 05:32:42
Prince Constantine of Greece and Denmark	Billiard room	3	2023-01-01 05:33:57
Viscountess Henrietta Ashby	Sitting room	1	2023-01-01 05:35:16
Baroness Amelia Harrington	Billiard room	2	2023-01-01 05:35:34
Viscountess Gabriella de la Rochefoucauld	Drawing room	1	2023-01-01 05:36:04
Archduchess Maria Theresa of Austria	Billiard room	2	2023-01-01 05:37:32
Lady Caroline Hastings	Study room	2	2023-01-01 05:40:42
Countess Emilia de Montfort	Drawing room	2	2023-01-01 05:42:01
Prince Constantine of Greece and Denmark	Music room	3	2023-01-01 05:42:57
Marchioness Isabella Beaumont	Drawing room	2	2023-01-01 05:43:45
Marchioness Gwendolyn Fitzroy	Game room	1	2023-01-01 05:44:29
Countess Emilia de Montfort	Billiard room	3	2023-01-01 05:44:49
Marquess Maximilian Blackwood	Drawing room	3	2023-01-01 05:44:56
Lord Reginald Hawthorne	Drawing room	3	2023-01-01 05:48:04
Archduchess Maria Anna of Austria	Sitting room	2	2023-01-01 05:48:12
Sir Edmund Thistlethwaite	Trophy room	3	2023-01-01 05:50:19
Duchess Anastasia Ivanova	Drawing room	1	2023-01-01 05:50:32
Archduchess Maria Theresa of Austria	Sitting room	2	2023-01-01 05:51:32
Sir Edmund Thistlethwaite	Drawing room	2	2023-01-01 05:51:51
Prince Constantine of Greece and Denmark	Trophy room	3	2023-01-01 05:52:22
Sir Cedric Lancaster	Music room	2	2023-01-01 05:52:29
Archduchess Maria Theresa of Austria	Sitting room	2	2023-01-01 05:53:48
Sir Cedric Lancaster	Billiard room	2	2023-01-01 05:54:31
Princess Anastasia Romanov	Drawing room	1	2023-01-01 05:56:20
Princess Charlotte of Saxe-Meiningen	Trophy room	2	2023-01-01 05:59:21
